,Comparison of Desktop Intel® Processors ,,,,,,,,,,Last Revision : 2019.12.2,,,,,,,,,,,,,,,,
,Product Collection,Processor Number,Quarter Launch,Year launch,Lithography (nm),# of Cores,# of Threads,Processor Base Frequency (GHz),Cache (MB),TDP (W),Max Turbo Frequency (GHz),Intel® Turbo Boost Max Technology 3.0 Frequency (GHz),Memory Types,Max # of Memory Channels,Intel® Processor Graphics,Graphics Base Frequency (MHz),Graphics Max Dynamic Frequency (GHz),Sockets Supported,Intel® Turbo Boost Technology ,Intel® vPro™ Platform Eligibility,Intel® Hyper-Threading Technology ,Intel® Virtualization Technology  (VT-x),Enhanced Intel SpeedStep® Technology,Intel® Stable Image Platform Program (SIPP),Intel® Turbo Boost Max Technology 3.0,Intel® AES New Instructions,Intel® Memory Protection Extensions (Intel® MPX)
, X-series ,i9-10980XE,Q4,2019,14,18,36,3.00,24.75,165,4.60,4.80,DDR4-2933,4,N/A,N/A,N/A,FCLGA2066,2.0,No,Yes,Yes,Yes,No,Yes,Yes,No
, X-series ,i9-10900X ,Q4,2019,14,10,20,3.70,19.25,165,4.50,4.70,DDR4-2933,4,N/A,N/A,N/A,FCLGA2066,2.0,No,Yes,Yes,Yes,No,Yes,Yes,No
, X-series ,i9-10920X ,Q4,2019,14,12,24,3.50,19.25,165,4.60,4.80,DDR4-2933,4,N/A,N/A,N/A,FCLGA2066,2.0,No,Yes,Yes,Yes,No,Yes,Yes,No
, X-series ,i9-10940X ,Q4,2019,14,14,28,3.30,19.25,165,4.60,4.80,DDR4-2933,4,N/A,N/A,N/A,FCLGA2066,2.0,No,Yes,Yes,Yes,No,Yes,Yes,No
,9th Gen  ,i9-9900KS,Q4,2019,14,8,16,4.00,16,127,5.00,N/A,DDR4-2666,2, UHD  630,350,1.20,FCLGA1151,2.0,No,Yes,Yes,Yes,No,No,Yes,Yes
, X-series ,i9-10900X,Q4,2019,14,10,20,3.70,19.25,165,4.50,4.70,DDR4-2933,4,N/A,N/A,N/A,FCLGA2066,2.0,No,Yes,Yes,Yes,No,Yes,Yes,No
, X-series ,i9-10920X,Q4,2019,14,12,24,3.50,19.25,165,4.60,4.80,DDR4-2933,4,N/A,N/A,N/A,FCLGA2066,2.0,No,Yes,Yes,Yes,No,Yes,Yes,No
, X-series ,i9-10940X,Q4,2019,14,14,28,3.30,19.25,165,4.60,4.80,DDR4-2933,4,N/A,N/A,N/A,FCLGA2066,2.0,No,Yes,Yes,Yes,No,Yes,Yes,No
, X-series ,i9-10980XE,Q4,2019,14,18,36,3.00,24.75,165,4.60,4.80,DDR4-2933,4,N/A,N/A,N/A,FCLGA2066,2.0,No,Yes,Yes,Yes,No,Yes,Yes,No
,9th Gen  ,i9-9900,Q2,2019,14,8,16,3.10,16,65,5.00,N/A,DDR4-2666,2, UHD  630,350,1.20,FCLGA1151,2.0,Yes,Yes,Yes,Yes,Yes,No,Yes,Yes
,9th Gen  ,i3-9350K,Q2,2019,14,4,4,4.00,8,91,4.60,N/A,DDR4-2400,2, UHD  630,350,1.15,FCLGA1151,2.0,No,No,Yes,Yes,No,No,Yes,Yes
,9th Gen  ,i3-9320,Q2,2019,14,4,4,3.70,8,62,4.40,N/A,DDR4-2400,2, UHD  630,350,1.15,FCLGA1151,2.0,No,No,Yes,Yes,No,No,Yes,Yes
,9th Gen  ,i3-9300T,Q2,2019,14,4,4,3.20,8,35,3.80,N/A,DDR4-2400,2, UHD  630,350,1.10,FCLGA1151,2.0,No,No,Yes,Yes,No,No,Yes,Yes
,9th Gen  ,i3-9300,Q2,2019,14,4,4,3.70,8,62,4.30,N/A,DDR4-2400,2, UHD  630,350,1.15,FCLGA1151,2.0,No,No,Yes,Yes,No,No,Yes,Yes
,9th Gen  ,i3-9100T,Q2,2019,14,4,4,3.10,6,35,3.70,N/A,DDR4-2400,2, UHD  630,350,1.10,FCLGA1151,2.0,No,No,Yes,Yes,No,No,Yes,Yes
,9th Gen  ,i3-9100F,Q2,2019,14,4,4,3.60,6,65,4.20,N/A,DDR4-2400,2,N/A,N/A,N/A,FCLGA1151,2.0,No,No,Yes,Yes,No,No,Yes,Yes
,9th Gen  ,i3-9100,Q2,2019,14,4,4,3.60,6,65,4.20,N/A,DDR4-2400,2, UHD  630,350,1.10,FCLGA1151,2.0,No,No,Yes,Yes,No,No,Yes,Yes
,9th Gen  ,i7-9700,Q2,2019,14,8,8,3.00,12,65,4.70,N/A,DDR4-2666,2, UHD  630,350,1.20,FCLGA1151,2.0,Yes,No,Yes,Yes,Yes,No,Yes,Yes
,9th Gen  ,i5-9600,Q2,2019,14,6,6,3.10,9,65,4.60,N/A,DDR4-2666,2, UHD  630,350,1.15,FCLGA1151,2.0,Yes,No,Yes,Yes,Yes,No,Yes,Yes
,9th Gen  ,i5-9500F,Q2,2019,14,6,6,3.00,9,65,4.40,N/A,DDR4-2666,2,N/A,N/A,N/A,FCLGA1151,2.0,No,No,Yes,Yes,No,No,Yes,Yes
,9th Gen  ,i5-9400T,Q2,2019,14,6,6,1.80,9,35,3.40,N/A,DDR4-2666,2, UHD  630,350,1.05,FCLGA1151,2.0,No,No,Yes,Yes,No,No,Yes,Yes
,9th Gen  ,i5-9500,Q2,2019,14,6,6,3.00,9,65,4.40,N/A,DDR4-2666,2, UHD  630,350,1.10,FCLGA1151,2.0,Yes,No,Yes,Yes,Yes,No,Yes,Yes
,9th Gen  ,i7-9700F,Q2,2019,14,8,8,3.00,12,65,4.70,N/A,DDR4-2666,2,N/A,N/A,N/A,FCLGA1151,2.0,No,No,Yes,Yes,No,No,Yes,Yes
,9th Gen  ,i9-9900T,Q2,2019,14,8,16,2.10,16,35,4.40,N/A,DDR4-2666,2, UHD  630,350,1.20,FCLGA1151,2.0,Yes,Yes,Yes,Yes,Yes,No,Yes,Yes
,9th Gen  ,i7-9700T,Q2,2019,14,8,8,2.00,12,35,4.30,N/A,DDR4-2666,2, UHD  630,350,1.20,FCLGA1151,2.0,Yes,No,Yes,Yes,Yes,No,Yes,Yes
,9th Gen  ,i5-9600T,Q2,2019,14,6,6,2.30,9,35,3.90,N/A,DDR4-2666,2, UHD  630,350,1.15,FCLGA1151,2.0,Yes,No,Yes,Yes,Yes,No,Yes,Yes
,9th Gen  ,i5-9500T,Q2,2019,14,6,6,2.20,9,35,3.70,N/A,DDR4-2666,2, UHD  630,350,1.10,FCLGA1151,2.0,Yes,No,Yes,Yes,Yes,No,Yes,Yes
,9th Gen  ,i3-9350KF,Q1,2019,14,4,4,4.00,8,91,4.60,N/A,DDR4-2400,2,N/A,N/A,N/A,FCLGA1151,2.0,No,No,Yes,Yes,No,No,Yes,Yes
,9th Gen  ,i5-9600KF,Q1,2019,14,6,6,3.70,9,95,4.60,N/A,DDR4-2666,2,N/A,N/A,N/A,FCLGA1151,2.0,No,No,Yes,Yes,No,No,Yes,Yes
,9th Gen  ,i5-9400F,Q1,2019,14,6,6,2.90,9,65,4.10,N/A,DDR4-2666,2,N/A,N/A,N/A,FCLGA1151,2.0,No,No,Yes,Yes,No,No,Yes,Yes
,9th Gen  ,i5-9400,Q1,2019,14,6,6,2.90,9,65,4.10,N/A,DDR4-2666,2, UHD  630,350,1.05,FCLGA1151,2.0,No,No,Yes,Yes,No,No,Yes,Yes
,9th Gen  ,i7-9700KF,Q1,2019,14,8,8,3.60,12,95,4.90,N/A,DDR4-2666,2,N/A,N/A,N/A,FCLGA1151,2.0,No,No,Yes,Yes,No,No,Yes,Yes
,9th Gen  ,i9-9900KF,Q1,2019,14,8,16,3.60,16,95,5.00,N/A,DDR4-2666,2,N/A,N/A,N/A,FCLGA1151,2.0,No,Yes,Yes,Yes,No,No,Yes,Yes
,9th Gen  ,i9-9900K,Q4,2018,14,8,16,3.60,16,95,5.00,N/A,DDR4-2666,2, UHD  630,350,1.20,FCLGA1151,2.0,Yes,Yes,Yes,Yes,Yes,No,Yes,Yes
,9th Gen  ,i7-9700K,Q4,2018,14,8,8,3.60,12,95,4.90,N/A,DDR4-2666,2, UHD  630,350,1.20,FCLGA1151,2.0,Yes,No,Yes,Yes,Yes,No,Yes,Yes
, X-series ,i9-9960X,Q4,2018,14,16,32,3.10,22,165,4.40,4.50,DDR4-2666,4,N/A,N/A,N/A,FCLGA2066,2.0,No,Yes,Yes,Yes,No,Yes,Yes,No
, X-series ,i9-9940X,Q4,2018,14,14,28,3.30,19.25,165,4.40,4.50,DDR4-2666,4,N/A,N/A,N/A,FCLGA2066,2.0,No,Yes,Yes,Yes,No,Yes,Yes,No
, X-series ,i9-9920X,Q4,2018,14,12,24,3.50,19.25,165,4.40,4.50,DDR4-2666,4,N/A,N/A,N/A,FCLGA2066,2.0,No,Yes,Yes,Yes,No,Yes,Yes,No
, X-series ,i9-9900X,Q4,2018,14,10,20,3.50,19.25,165,4.40,4.50,DDR4-2666,4,N/A,N/A,N/A,FCLGA2066,2.0,No,Yes,Yes,Yes,No,Yes,Yes,No
, X-series ,i9-9820X,Q4,2018,14,10,20,3.30,16.5,165,4.10,4.20,DDR4-2666,4,N/A,N/A,N/A,FCLGA2066,2.0,No,Yes,Yes,Yes,No,Yes,Yes,No
, X-series ,i7-9800X,Q4,2018,14,8,16,3.80,16.5,165,4.40,4.50,DDR4-2666,4,N/A,N/A,N/A,FCLGA2066,2.0,No,Yes,Yes,Yes,No,Yes,Yes,No
, X-series ,i9-9980XE,Q4,2018,14,18,36,3.00,24.75,165,4.40,4.50,DDR4-2666,4,N/A,N/A,N/A,FCLGA2066,2.0,No,Yes,Yes,Yes,No,Yes,Yes,No
,9th Gen  ,i5-9600k,Q4,2018,14,6,6,3.70,9,95,4.60,N/A,DDR4-2666,2, UHD  630,350,1.15,FCLGA1151,2.0,Yes,No,Yes,Yes,Yes,No,Yes,Yes
,8th Gen  ,i7-8700,Q2,2018,14,6,12,3.20,12,65,4.60,N/A,DDR4-2666,2, UHD  630,350,1.20,FCLGA1151,2.0,Yes,Yes,Yes,Yes,Yes,No,Yes,Yes
,8th Gen  ,i5-8600,Q2,2018,14,6,6,3.10,9,65,4.30,N/A,DDR4-2666,2, UHD  630,350,1.15,FCLGA1151,2.0,Yes,No,Yes,Yes,Yes,No,Yes,Yes
,8th Gen  ,i3-8300,Q2,2018,14,4,4,3.70,8,62,N/A,N/A,DDR4-2400,2, UHD  630,350,1.15,FCLGA1151,No,No,No,Yes,Yes,No,No,Yes,Yes
,8th Gen  ,i3-8300T,Q2,2018,14,4,4,3.20,8,35,N/A,N/A,DDR4-2400,2, UHD  630,350,1.10,FCLGA1151,No,No,No,Yes,Yes,No,No,Yes,Yes
,8th Gen  ,i3-8100T,Q2,2018,14,4,4,3.10,6,35,N/A,N/A,DDR4-2400,2, UHD  630,350,1.10,FCLGA1151,No,No,No,Yes,Yes,No,No,Yes,Yes
,8th Gen  ,i5-8500,Q2,2018,14,6,6,3.00,9,65,4.10,N/A,DDR4-2666,2, UHD  630,350,1.10,FCLGA1151,2.0,Yes,No,Yes,Yes,Yes,No,Yes,Yes
,8th Gen  ,i5-8500,Q2,2018,14,6,6,3.00,9,65,4.10,N/A,DDR4-2666,2, UHD  630,350,1.10,FCLGA1151,2.0,Yes,No,Yes,Yes,Yes,No,Yes,Yes
,8th Gen  ,i7-8700T,Q2,2018,14,6,12,2.40,12,35,4.00,N/A,DDR4-2666,2, UHD  630,350,1.20,FCLGA1151,2.0,Yes,Yes,Yes,Yes,Yes,No,Yes,Yes
,8th Gen  ,i5-8400T,Q2,2018,14,6,6,1.70,9,35,3.30,N/A,DDR4-2666,2, UHD  630,350,1.05,FCLGA1151,2.0,No,No,Yes,Yes,No,No,Yes,Yes
,8th Gen  ,i5-8400,Q2,2018,14,6,6,2.80,9,65,4.00,N/A,DDR4-2666,2, UHD  630,350,1.05,FCLGA1151,2.0,No,No,Yes,Yes,No,No,Yes,Yes
,8th Gen  ,i7-8086k,Q2,2018,14,6,12,4.00,12,95,5.00,N/A,DDR4-2666,2, UHD  630,350,1.20,FCLGA1151,2.0,No,Yes,Yes,Yes,No,No,Yes,Yes
,8th Gen  ,i5-8600T,Q2,2018,14,6,6,2.30,9,35,3.70,N/A,DDR4-2666,2, UHD  630,350,1.15,FCLGA1151,2.0,Yes,No,Yes,Yes,Yes,No,Yes,Yes
,8th Gen  ,i5-8500T,Q2,2018,14,6,6,2.10,9,35,3.50,N/A,DDR4-2666,2, UHD  630,350,1.10,FCLGA1151,2.0,Yes,No,Yes,Yes,Yes,No,Yes,Yes
,8th Gen  ,i3-8350K,Q4,2017,14,4,4,4.00,8,91,N/A,N/A,DDR4-2400,2, UHD  630,350,1.15,FCLGA1151,No,No,No,Yes,Yes,No,No,Yes,Yes
,8th Gen  ,i3-8100,Q4,2017,14,4,4,3.60,6,65,N/A,N/A,DDR4-2400,2, UHD  630,350,1.10,FCLGA1151,No,No,No,Yes,Yes,No,No,Yes,Yes
,8th Gen  ,i5-8600K,Q4,2017,14,6,6,3.60,9,95,4.30,N/A,DDR4-2666,2, UHD  630,350,1.15,FCLGA1151,2.0,Yes,No,Yes,Yes,Yes,No,Yes,Yes
,8th Gen  ,i5-8400,Q4,2017,14,6,6,2.80,9,65,4.00,N/A,DDR4-2666,2, UHD  630,350,1.05,FCLGA1151,2.0,No,No,Yes,Yes,No,No,Yes,Yes
,8th Gen  ,i7-8700K,Q4,2017,14,6,12,3.70,12,95,4.70,N/A,DDR4-2666,2, UHD  630,350,1.20,FCLGA1151,2.0,Yes,Yes,Yes,Yes,Yes,No,Yes,Yes
,8th Gen  ,i7-8700,Q4,2017,14,6,12,3.20,12,65,4.60,N/A,DDR4-2666,2, UHD  630,350,1.20,FCLGA1151,2.0,Yes,Yes,Yes,Yes,Yes,No,Yes,Yes
, X-series ,i9-7980XE,Q3,2017,14,18,36,2.60,24.75,165,4.20,4.40,DDR4-2666,4,N/A,N/A,N/A,FCLGA2066,2.0,No,Yes,Yes,Yes,No,Yes,Yes,No
, X-series ,i9-7960X,Q3,2017,14,16,32,2.80,22,165,4.20,4.40,DDR4-2666,4,N/A,N/A,N/A,FCLGA2066,2.0,No,Yes,Yes,Yes,No,Yes,Yes,No
, X-series ,i9-7940X,Q3,2017,14,14,28,3.10,19.25,165,4.30,4.40,DDR4-2666,4,N/A,N/A,N/A,FCLGA2066,2.0,No,Yes,Yes,Yes,No,Yes,Yes,No
, X-series ,i9-7920X,Q3,2017,14,12,24,2.90,16.5,140,4.30,4.40,DDR4-2666,4,N/A,N/A,N/A,FCLGA2066,2.0,No,Yes,Yes,Yes,No,Yes,Yes,No
, X-series ,i9-7900X,Q2,2017,14,10,20,3.30,13.75,140,4.30,4.50,DDR4-2666,4,N/A,N/A,N/A,FCLGA2066,2.0,No,Yes,Yes,Yes,No,Yes,Yes,No
, X-series ,i7-7820X,Q2,2017,14,8,16,3.60,11,140,4.30,4.50,DDR4-2666,4,N/A,N/A,N/A,FCLGA2066,2.0,No,Yes,Yes,Yes,No,Yes,Yes,No
, X-series ,i7-7800X,Q2,2017,14,6,12,3.50,8.25,140,4.00,N/A,DDR4-2400,4,N/A,N/A,N/A,FCLGA2066,2.0,No,Yes,Yes,Yes,No,No,Yes,No
, X-series ,i7-7740X,Q2,2017,14,4,8,4.30,8,112,4.50,N/A,DDR4-2666,2,N/A,N/A,N/A,FCLGA2066,2.0,No,Yes,Yes,No,No,No,Yes,No
, X-series ,i5-7640X,Q2,2017,14,4,4,4.00,6,112,4.20,N/A,DDR4-2666,2,N/A,N/A,N/A,FCLGA2066,2.0,No,No,Yes,No,No,No,Yes,No
,7th Gen  ,i3-7350K,Q1,2017,14,2,4,4.20,4,60,N/A,N/A,"DDR4-2133/2400, DDR3L-1333/1600",2, HD  630,350,1.15,FCLGA1151,No,No,Yes,Yes,Yes,No,No,Yes,Yes
,7th Gen  ,i3-7320,Q1,2017,14,2,4,4.10,4,51,N/A,N/A,"DDR4-2133/2400, DDR3L-1333/1600",2, HD  630,350,1.15,FCLGA1151,No,No,Yes,Yes,Yes,No,No,Yes,Yes
,7th Gen  ,i3-7300,Q1,2017,14,2,4,4.00,4,51,N/A,N/A,"DDR4-2133/2400, DDR3L-1333/1600",2, HD  630,350,1.15,FCLGA1151,No,No,Yes,Yes,Yes,No,No,Yes,Yes
,7th Gen  ,i3-7300T,Q1,2017,14,2,4,3.50,4,35,N/A,N/A,"DDR4-2133/2400, DDR3L-1333/1600",2, HD  630,350,1.10,FCLGA1151,No,No,Yes,Yes,Yes,No,No,Yes,Yes
,7th Gen  ,i3-7101E,Q1,2017,14,2,4,3.90,3,54,N/A,N/A,"DDR3L-1600, DDR4-2400",2, HD  630,350,1.10,FCLGA1151,No,No,Yes,Yes,Yes,No,No,Yes,Yes
,7th Gen  ,i3-7101TE,Q1,2017,14,2,4,3.40,3,35,N/A,N/A,"DDR3L-1600, DDR4-2400",2, HD  630,350,1.10,FCLGA1151,No,No,Yes,Yes,Yes,No,No,Yes,Yes
,7th Gen  ,i3-7100T,Q1,2017,14,2,4,3.40,3,35,N/A,N/A,"DDR4-2133/2400, DDR3L-1333/1600 ",2, HD  630,350,1.10,FCLGA1151,No,No,Yes,Yes,Yes,No,No,Yes,Yes
,7th Gen  ,i3-7100,Q1,2017,14,2,4,3.90,3,51,N/A,N/A,"DDR4-2133/2400, DDR3L-1333/1600 ",2, HD  630,350,1.10,FCLGA1151,No,No,Yes,Yes,Yes,No,No,Yes,Yes
,7th Gen  ,i5-7600K,Q1,2017,14,4,4,3.80,6,91,4.20,N/A,"DDR4-2133/2400, DDR3L-1333/1600 ",2, HD  630,350,1.15,FCLGA1151,2.0,No,No,Yes,Yes,No,No,Yes,Yes
,7th Gen  ,i5-7600T,Q1,2017,14,4,4,2.80,6,35,3.70,N/A,"DDR4-2133/2400, DDR3L-1333/1600 ",2, HD  630,350,1.10,FCLGA1151,2.0,Yes,No,Yes,Yes,Yes,No,Yes,Yes
,7th Gen  ,i5-7600,Q1,2017,14,4,4,3.50,6,65,4.10,N/A,"DDR4-2133/2400, DDR3L-1333/1600 ",2, HD  630,350,1.15,FCLGA1151,2.0,Yes,No,Yes,Yes,Yes,No,Yes,Yes
,7th Gen  ,i5-7500,Q1,2017,14,4,4,3.40,6,65,3.80,N/A,"DDR4-2133/2400, DDR3L-1333/1600 ",2, HD  630,350,1.10,FCLGA1151,2.0,Yes,No,Yes,Yes,Yes,No,Yes,Yes
,7th Gen  ,i5-7500T,Q1,2017,14,4,4,2.70,6,35,3.30,N/A,"DDR4-2133/2400, DDR3L-1333/1600 ",2, HD  630,350,1.10,FCLGA1151,2.0,Yes,No,Yes,Yes,Yes,No,Yes,Yes
,7th Gen  ,i5-7400T,Q1,2017,14,4,4,2.40,6,35,3.00,N/A,"DDR4-2133/2400, DDR3L-1333/1600 ",2, HD  630,350,1.00,FCLGA1151,2.0,No,No,Yes,Yes,No,No,Yes,Yes
,7th Gen  ,i5-7400,Q1,2017,14,4,4,3.00,6,65,3.50,N/A,"DDR4-2133/2400, DDR3L-1333/1600 ",2, HD  630,350,1.00,FCLGA1151,2.0,No,No,Yes,Yes,No,No,Yes,Yes
,7th Gen  ,i7-7700,Q1,2017,14,4,8,3.60,8,65,4.20,N/A,"DDR4-2133/2400, DDR3L-1333/1600 ",2, HD  630,350,1.15,FCLGA1151,2.0,Yes,Yes,Yes,Yes,Yes,No,Yes,Yes
,7th Gen  ,i7-7700K,Q1,2017,14,4,8,4.20,8,91,4.50,N/A,"DDR4-2133/2400, DDR3L-1333/1600 ",2, HD  630,350,1.15,FCLGA1151,2.0,No,Yes,Yes,Yes,No,No,Yes,Yes
,7th Gen  ,i7-7700T,Q1,2017,14,4,8,2.90,8,35,3.80,N/A,"DDR4-2133/2400, DDR3L-1333/1600 ",2, HD  630,350,1.15,FCLGA1151,2.0,Yes,Yes,Yes,Yes,Yes,No,Yes,Yes
,6th Gen  ,i5-6685R,Q2,2016,14,4,4,3.20,6,65,3.80,N/A,"DDR4-1866/2133, DDR3L-1333/1600 ",2, Iris® Pro  580,350,1.15,FCBGA1440,2.0,No,No,Yes,Yes,No,No,Yes,Yes
,6th Gen  ,i5-6585R,Q2,2016,14,4,4,2.80,6,65,3.60,N/A,"DDR4-1866/2133, DDR3L-1333/1600 ",2, Iris® Pro  580,350,1.10,FCBGA1440,2.0,No,No,Yes,Yes,No,No,Yes,Yes
,6th Gen  ,i7-6785R,Q2,2016,14,4,8,3.30,8,65,3.90,N/A,"DDR4-1866/2133, DDR3L-1333/1600 ",2, Iris® Pro  580,350,1.15,FCBGA1440,2.0,No,Yes,Yes,Yes,No,No,Yes,Yes
, X-series ,i7-6950X,Q2,2016,14,10,20,3.00,25,140,3.50,4.00,DDR4 2400/2133,4,N/A,N/A,N/A,FCLGA2011-3,2.0,No,Yes,Yes,Yes,No,Yes,Yes,No
, X-series ,i7-6900K,Q2,2016,14,8,16,3.20,20,140,3.70,4.00,DDR4 2400/2133,4,N/A,N/A,N/A,FCLGA2011-3,2.0,No,Yes,Yes,Yes,No,Yes,Yes,No
, X-series ,i7-6850K,Q2,2016,14,6,12,3.60,15,140,3.80,4.00,DDR4 2400/2133,4,N/A,N/A,N/A,FCLGA2011-3,2.0,No,Yes,Yes,Yes,No,Yes,Yes,No
, X-series ,i7-6800K,Q2,2016,14,6,12,3.40,15,140,3.60,3.80,DDR4 2400/2133,4,N/A,N/A,N/A,FCLGA2011-3,2.0,No,Yes,Yes,Yes,No,Yes,Yes,No
,6th Gen  ,i3-6098P,Q4,2015,14,2,4,3.60,3,54,N/A,N/A,"DDR4-1866/2133, DDR3L-1333/1600 ",2, HD  510,350,1.05,FCLGA1151,No,No,Yes,Yes,Yes,No,No,Yes,Yes
,6th Gen  ,i5-6402P,Q4,2015,14,4,4,2.80,6,65,3.40,N/A,"DDR4-1866/2133, DDR3L-1333/1600 ",2, HD  510,350,0.95,FCLGA1151,2.0,No,No,Yes,Yes,No,No,Yes,Yes
,6th Gen  ,i3-6300,Q3,2015,14,2,4,3.80,4,51,N/A,N/A,"DDR4-1866/2133, DDR3L-1333/1600 ",2, HD  530,350,1.15,FCLGA1151,No,No,Yes,Yes,Yes,No,No,Yes,Yes
,6th Gen  ,i3-6300T,Q3,2015,14,2,4,3.30,4,35,N/A,N/A,"DDR4-1866/2133, DDR3L-1333/1600 ",2, HD  530,350,0.95,FCLGA1151,No,No,Yes,Yes,Yes,No,No,Yes,Yes
,6th Gen  ,i3-6320,Q3,2015,14,2,4,3.90,4,51,N/A,N/A,"DDR4-1866/2133, DDR3L-1333/1600 ",2, HD  530,350,1.15,FCLGA1151,No,No,Yes,Yes,Yes,No,No,Yes,Yes
,6th Gen  ,i3-6100,Q3,2015,14,2,4,3.70,3,51,N/A,N/A,"DDR4-1866/2133, DDR3L-1333/1600 ",2, HD  530,350,1.05,FCLGA1151,No,No,Yes,Yes,Yes,No,No,Yes,Yes
,6th Gen  ,i3-6100T,Q3,2015,14,2,4,3.20,3,35,N/A,N/A,"DDR4-1866/2133, DDR3L-1333/1600 ",2, HD  530,350,0.95,FCLGA1151,No,No,Yes,Yes,Yes,No,No,Yes,Yes
,6th Gen  ,i5-6600,Q3,2015,14,4,4,3.30,6,65,3.90,N/A,"DDR4-1866/2133, DDR3L-1333/1600 ",2, HD  530,350,1.15,FCLGA1151,2.0,Yes,No,Yes,Yes,Yes,No,Yes,Yes
,6th Gen  ,i5-6600T,Q3,2015,14,4,4,2.70,6,35,3.50,N/A,"DDR4-1866/2133, DDR3L-1333/1600 ",2, HD  530,350,1.10,FCLGA1151,2.0,Yes,No,Yes,Yes,Yes,No,Yes,Yes
,6th Gen  ,i5-6500,Q3,2015,14,4,4,3.20,6,65,3.60,N/A,"DDR4-1866/2133, DDR3L-1333/1600 ",2, HD  530,350,1.05,FCLGA1151,2.0,Yes,No,Yes,Yes,Yes,No,Yes,Yes
,6th Gen  ,i5-6500T,Q3,2015,14,4,4,2.50,6,35,3.10,N/A,"DDR4-1866/2133, DDR3L-1333/1600 ",2, HD  530,350,1.10,FCLGA1151,2.0,Yes,No,Yes,Yes,Yes,No,Yes,Yes
,6th Gen  ,i5-6400,Q3,2015,14,4,4,2.70,6,65,3.30,N/A,"DDR4-1866/2133, DDR3L-1333/1600 ",2, HD  530,350,0.95,FCLGA1151,2.0,No,No,Yes,Yes,No,No,Yes,Yes
,6th Gen  ,i5-6400T,Q3,2015,14,4,4,2.20,6,35,2.80,N/A,"DDR4-1866/2133, DDR3L-1333/1600 ",2, HD  530,350,0.95,FCLGA1151,2.0,No,No,Yes,Yes,No,No,Yes,Yes
,6th Gen  ,i5-6600K,Q3,2015,14,4,4,3.50,6,91,3.90,N/A,"DDR4-1866/2133, DDR3L-1333/1600 ",2, HD  530,350,1.15,FCLGA1151,2.0,No,No,Yes,Yes,No,No,Yes,Yes
,6th Gen  ,i7-6700K,Q3,2015,14,4,8,4.00,8,91,4.20,N/A,"DDR4-1866/2133, DDR3L-1333/1600 ",2, HD  530,350,1.15,FCLGA1151,2.0,No,Yes,Yes,Yes,No,No,Yes,Yes
,6th Gen  ,i7-6700T,Q3,2015,14,4,8,2.80,8,35,3.60,N/A,"DDR4-1866/2133, DDR3L-1333/1600 ",2, HD  530,350,1.10,FCLGA1151,2.0,Yes,Yes,Yes,Yes,Yes,No,Yes,Yes
,6th Gen  ,i7-6700,Q3,2015,14,4,8,3.40,8,65,4.00,N/A,"DDR4-1866/2133, DDR3L-1333/1600 ",2, HD  530,350,1.15,FCLGA1151,2.0,Yes,Yes,Yes,Yes,Yes,No,Yes,Yes
,5th Gen  ,i5-5675R,Q2,2015,14,4,4,3.10,4,65,3.60,N/A,DDR3L-1333/1600/1866 ,2, Iris® Pro  6200,300,1.10,FCBGA1364,2.0,No,No,Yes,Yes,No,No,Yes,No
,5th Gen  ,i5-5675C,Q2,2015,14,4,4,3.10,4,65,3.60,N/A,DDR3L-1333/1600 ,2, Iris® Pro  6200,300,1.10,FCLGA1150,2.0,No,No,Yes,Yes,No,No,Yes,No
,5th Gen  ,i5-5575R,Q2,2015,14,4,4,2.80,4,65,3.30,N/A,DDR3L-1333/1600/1866 ,2, Iris® Pro  6200,300,1.05,FCBGA1364,2.0,No,No,Yes,Yes,No,No,Yes,No
,5th Gen  ,i7-5775R,Q2,2015,14,4,8,3.30,6,65,3.80,N/A,DDR3L-1333/1600/1866 ,2, Iris® Pro  6200,300,1.15,FCBGA1364,2.0,No,Yes,Yes,Yes,No,No,Yes,No
,5th Gen  ,i7-5775C,Q2,2015,14,4,8,3.30,6,65,3.70,N/A,DDR3L-1333/1600 ,2, Iris® Pro  6200,300,1.15,FCLGA1150,2.0,No,Yes,Yes,Yes,No,No,Yes,No
,4th Gen  ,i3-4170,Q1,2015,22,2,4,3.70,3,54,N/A,N/A,"DDR3-1333/1600, DDR3L-1333/1600 ",2, HD  4400,350,1.15,FCLGA1150,No,No,Yes,Yes,Yes,No,No,Yes,No
,4th Gen  ,i3-4170T,Q1,2015,22,2,4,3.20,3,35,N/A,N/A,"DDR3-1333/1600, DDR3L-1333/1600 ",2, HD  4400,200,1.15,FCLGA1150,No,No,Yes,Yes,Yes,No,No,Yes,No
,4th Gen  ,i3-4370T,Q1,2015,22,2,4,3.30,4,35,N/A,N/A,"DDR3-1333/1600, DDR3L-1333/1600 ",2, HD  4600,200,1.15,FCLGA1150,No,No,Yes,Yes,Yes,No,No,Yes,No
,4th Gen  ,i3-4160,Q3,2014,22,2,4,3.60,3,54,N/A,N/A,"DDR3-1333/1600, DDR3L-1333/1600 ",2, HD  4400,350,1.15,FCLGA1150,No,No,Yes,Yes,Yes,No,No,Yes,No
,4th Gen  ,i3-4160T,Q3,2014,22,2,4,3.10,3,35,N/A,N/A,"DDR3-1333/1600, DDR3L-1333/1600 ",2, HD  4400,200,1.15,FCLGA1150,No,No,Yes,Yes,Yes,No,No,Yes,No
,4th Gen  ,i3-4370,Q3,2014,22,2,4,3.80,4,54,N/A,N/A,"DDR3-1333/1600, DDR3L-1333/1600 ",2, HD  4600,350,1.15,FCLGA1150,No,No,Yes,Yes,Yes,No,No,Yes,No
,4th Gen  ,i3-4360T,Q3,2014,22,2,4,3.20,4,35,N/A,N/A,"DDR3-1333/1600, DDR3L-1333/1600 ",2, HD  4600,200,1.15,FCLGA1150,No,No,Yes,Yes,Yes,No,No,Yes,No
, X-series ,i7-5960X,Q3,2014,22,8,16,3.00,20,140,3.50,N/A,DDR4 1600/1866/2133,4,N/A,N/A,N/A,FCLGA2011-3,2.0,No,Yes,Yes,Yes,No,No,Yes,No
, X-series ,i7-5930K,Q3,2014,22,6,12,3.50,15,140,3.70,N/A,DDR4 1600/1866/2133,4,N/A,N/A,N/A,FCLGA2011-3,2.0,No,Yes,Yes,Yes,No,No,Yes,No
, X-series ,i7-5820K,Q3,2014,22,6,12,3.30,15,140,3.60,N/A,DDR4 1600/1866/2133,4,N/A,N/A,N/A,FCLGA2011-3,2.0,No,Yes,Yes,Yes,No,No,Yes,No
,4th Gen  ,i3-4150,Q2,2014,22,2,4,3.50,3,54,N/A,N/A,"DDR3-1333/1600, DDR3L-1333/1600 ",2, HD  4400,350,1.15,FCLGA1150,No,No,Yes,Yes,Yes,No,No,Yes,No
,4th Gen  ,i3-4150T,Q2,2014,22,2,4,3.00,3,35,N/A,N/A,"DDR3-1333/1600, DDR3L-1333/1600 ",2, HD  4400,200,1.15,FCLGA1150,No,No,Yes,Yes,Yes,No,No,Yes,No
,4th Gen  ,i3-4360,Q2,2014,22,2,4,3.70,4,54,N/A,N/A,"DDR3-1333/1600, DDR3L-1333/1600 ",2, HD  4600,350,1.15,FCLGA1150,No,No,Yes,Yes,Yes,No,No,Yes,No
,4th Gen  ,i3-4350T,Q2,2014,22,2,4,3.10,4,35,N/A,N/A,"DDR3-1333/1600, DDR3L-1333/1600 ",2, HD  4600,200,1.15,FCLGA1150,No,No,Yes,Yes,Yes,No,No,Yes,No
,4th Gen  ,i3-4350,Q2,2014,22,2,4,3.60,4,54,N/A,N/A,"DDR3-1333/1600, DDR3L-1333/1600 ",2, HD  4600,350,1.15,FCLGA1150,No,No,Yes,Yes,Yes,No,No,Yes,No
,4th Gen  ,i5-4460,Q2,2014,22,4,4,3.20,6,84,3.40,N/A,"DDR3-1333/1600, DDR3L-1333/1600 ",2, HD  4600,350,1.10,FCLGA1150,2.0,No,No,Yes,Yes,No,No,Yes,No
,4th Gen  ,i5-4460S,Q2,2014,22,4,4,2.90,6,65,3.40,N/A,"DDR3-1333/1600, DDR3L-1333/1600 ",2, HD  4600,350,1.10,FCLGA1150,2.0,No,No,Yes,Yes,No,No,Yes,No
,4th Gen  ,i5-4460T,Q2,2014,22,4,4,1.90,6,35,2.70,N/A,"DDR3-1333/1600, DDR3L-1333/1600 ",2, HD  4600,350,1.10,FCLGA1150,2.0,No,No,Yes,Yes,No,No,Yes,No
,4th Gen  ,i5-4590T,Q2,2014,22,4,4,2.00,6,35,3.00,N/A,"DDR3-1333/1600, DDR3L-1333/1600 ",2, HD  4600,350,1.15,FCLGA1150,2.0,Yes,No,Yes,Yes,Yes,No,Yes,No
,4th Gen  ,i5-4590S,Q2,2014,22,4,4,3.00,6,65,3.70,N/A,"DDR3-1333/1600, DDR3L-1333/1600 ",2, HD  4600,350,1.15,FCLGA1150,2.0,Yes,No,Yes,Yes,Yes,No,Yes,No
,4th Gen  ,i5-4590,Q2,2014,22,4,4,3.30,6,84,3.70,N/A,"DDR3-1333/1600, DDR3L-1333/1600 ",2, HD  4600,350,1.15,FCLGA1150,2.0,Yes,No,Yes,Yes,Yes,No,Yes,No
,4th Gen  ,i5-4690T,Q2,2014,22,4,4,2.50,6,45,3.50,N/A,"DDR3-1333/1600, DDR3L-1333/1600 ",2, HD  4600,350,1.20,FCLGA1150,2.0,Yes,No,Yes,Yes,Yes,No,Yes,No
,4th Gen  ,i5-4690S,Q2,2014,22,4,4,3.20,6,65,3.90,N/A,"DDR3-1333/1600, DDR3L-1333/1600 ",2, HD  4600,350,1.20,FCLGA1150,2.0,Yes,No,Yes,Yes,Yes,No,Yes,No
,4th Gen  ,i5-4690,Q2,2014,22,4,4,3.50,6,84,3.90,N/A,"DDR3-1333/1600, DDR3L-1333/1600 ",2, HD  4600,350,1.20,FCLGA1150,2.0,Yes,No,Yes,Yes,Yes,No,Yes,No
,4th Gen  ,i5-4690K,Q2,2014,22,4,4,3.50,6,88,3.90,N/A,"DDR3-1333/1600, DDR3L-1333/1600 ",2, HD  4600,350,1.20,FCLGA1150,2.0,No,No,Yes,Yes,No,No,Yes,No
,4th Gen  ,i7-4790T,Q2,2014,22,4,8,2.70,8,45,3.90,N/A,"DDR3-1333/1600, DDR3L-1333/1600 ",2, HD  4600,350,1.20,FCLGA1150,2.0,Yes,Yes,Yes,Yes,Yes,No,Yes,No
,4th Gen  ,i7-4790S,Q2,2014,22,4,8,3.20,8,65,4.00,N/A,"DDR3-1333/1600, DDR3L-1333/1600 ",2, HD  4600,350,1.20,FCLGA1150,2.0,Yes,Yes,Yes,Yes,Yes,No,Yes,No
,4th Gen  ,i7-4790,Q2,2014,22,4,8,3.60,8,84,4.00,N/A,"DDR3-1333/1600, DDR3L-1333/1600 ",2, HD  4600,350,1.20,FCLGA1150,2.0,Yes,Yes,Yes,Yes,Yes,No,Yes,No
,4th Gen  ,i7-4785T,Q2,2014,22,4,8,2.20,8,35,3.20,N/A,"DDR3-1333/1600, DDR3L-1333/1600 ",2, HD  4600,350,1.20,FCLGA1150,2.0,Yes,Yes,Yes,Yes,Yes,No,Yes,No
,4th Gen  ,i7-4790K,Q2,2014,22,4,8,4.00,8,88,4.40,N/A,"DDR3-1333/1600, DDR3L-1333/1600 ",2, HD  4600,350,1.25,FCLGA1150,2.0,No,Yes,Yes,Yes,No,No,Yes,No
,Comparison of Desktop Intel® Processors ,,,,,,,,Last Revision : 2019.12.02,,,,,,,,,,,,,,
,Product Collection,Processor Number,Quarter Launch,Year launch,Lithography (nm),# of Cores,# of Threads,Processor Base Frequency (GHz),Cache (MB),TDP (W),Max Turbo Frequency (GHz),Memory Types,Max # of Memory Channels,Intel® Proce>
,3rd Gen ,i5-3340S,Q3,2013,22,4,4,2.80,6,65,3.30,DDR3 1333/1600,2, HD  2500,650,1.05,FCLGA1155,2,No,No,Yes,Yes,No,Yes
,3rd Gen ,i5-3340,Q3,2013,22,4,4,3.10,6,77,3.30,DDR3 1333/1600,2, HD  2500,650,1.05,FCLGA1155,2,No,No,Yes,Yes,No,Yes
,4th Gen,i3-4130,Q3,2013,22,2,4,3.40,3,54,N/A,"DDR3-1333/1600, DDR3L-1333/1600",2, HD  4400,350,1.15,FCLGA1150,No,No,Yes,Yes,Yes,No,Yes
,4th Gen,i3-4130T,Q3,2013,22,2,4,2.90,3,35,N/A,"DDR3-1333/1600, DDR3L-1333/1600",2, HD  4400,200,1.15,FCLGA1150,No,No,Yes,Yes,Yes,No,Yes
,4th Gen,i3-4340,Q3,2013,22,2,4,3.60,4,54,N/A,"DDR3-1333/1600, DDR3L-1333/1600",2, HD  4600,350,1.15,FCLGA1150,No,No,Yes,Yes,Yes,No,Yes
,4th Gen,i3-4330T,Q3,2013,22,2,4,3.00,4,35,N/A,"DDR3-1333/1600, DDR3L-1333/1600",2, HD  4600,200,1.15,FCLGA1150,No,No,Yes,Yes,Yes,No,Yes
,4th Gen,i3-4330,Q3,2013,22,2,4,3.50,4,54,N/A,"DDR3-1333/1600, DDR3L-1333/1600",2, HD  4600,350,1.15,FCLGA1150,No,No,Yes,Yes,Yes,No,Yes
,4th Gen ,i5-4440,Q3,2013,22,4,4,3.10,6,84,3.30,"DDR3-1333/1600, DDR3L-1333/1600",2, HD  4600,350,1.10,FCLGA1150,2,No,No,Yes,Yes,No,Yes
,4th Gen ,i5-4440S,Q3,2013,22,4,4,2.80,6,65,3.30,"DDR3-1333/1600, DDR3L-1333/1600",2, HD  4600,350,1.10,FCLGA1150,2,No,No,Yes,Yes,No,Yes
,4th Gen ,i7-4771,Q3,2013,22,4,8,3.50,8,84,3.90,"DDR3-1333/1600, DDR3L-1333/1600",2, HD  4600,350,1.20,FCLGA1150,2,Yes,Yes,Yes,Yes,Yes,Yes
, X-series ,i7-4820K,Q3,2013,22,4,8,3.70,10,130,3.90,DDR3 1333/1600/1866,4,N/A,N/A,N/A,FCLGA2011,2.0,No,Yes,Yes,Yes,No,Yes
, X-series ,i7-4930K,Q3,2013,22,6,12,3.40,12,130,3.90,DDR3 1333/1600/1866,4,N/A,N/A,N/A,FCLGA2011,2.0,No,Yes,Yes,Yes,No,Yes
, X-series ,i7-4960X,Q3,2013,22,6,12,3.60,15,130,4.00,DDR3 1333/1600/1866,4,N/A,N/A,N/A,FCLGA2011,2.0,No,Yes,Yes,Yes,No,Yes
,3rd Gen ,i3-3250T,Q2,2013,22,2,4,3.00,3,35,N/A,DDR3 1333/1600,2, HD  2500,650,1.05,FCLGA1155,No,No,Yes,Yes,Yes,No,No
,3rd Gen ,i3-3250,Q2,2013,22,2,4,3.50,3,55,N/A,DDR3 1333/1600,2, HD  2500,650,1.05,FCLGA1155,No,No,Yes,Yes,Yes,No,No
,3rd Gen ,i3-3245,Q2,2013,22,2,4,3.40,3,55,N/A,DDR3 1333/1600,2, HD  4000,650,1.05,FCLGA1155,No,No,Yes,Yes,Yes,No,No
,4th Gen ,i5-4430,Q2,2013,22,4,4,3.00,6,84,3.20,"DDR3-1333/1600, DDR3L-1333/1600",2, HD  4600,350,1.10,FCLGA1150,2,No,No,Yes,Yes,No,Yes
,4th Gen ,i5-4430S,Q2,2013,22,4,4,2.70,6,65,3.20,"DDR3-1333/1600, DDR3L-1333/1600",2, HD  4600,350,1.10,FCLGA1150,2,No,No,Yes,Yes,No,Yes
,4th Gen ,i5-4570T,Q2,2013,22,2,4,2.90,4,35,3.60,"DDR3-1333/1600, DDR3L-1333/1600",2, HD  4600,200,1.15,FCLGA1150,2,Yes,Yes,Yes,Yes,Yes,Yes
,4th Gen ,i5-4570S,Q2,2013,22,4,4,2.90,6,65,3.60,"DDR3-1333/1600, DDR3L-1333/1600",2, HD  4600,350,1.15,FCLGA1150,2,Yes,No,Yes,Yes,Yes,Yes
,4th Gen ,i5-4570,Q2,2013,22,4,4,3.20,6,84,3.60,"DDR3-1333/1600, DDR3L-1333/1600",2, HD  4600,350,1.15,FCLGA1150,2,Yes,No,Yes,Yes,Yes,Yes
,4th Gen ,i5-4670T,Q2,2013,22,4,4,2.30,6,45,3.30,"DDR3-1333/1600, DDR3L-1333/1600",2, HD  4600,350,1.20,FCLGA1150,2,Yes,No,Yes,Yes,Yes,Yes
,4th Gen ,i5-4670S,Q2,2013,22,4,4,3.10,6,65,3.80,"DDR3-1333/1600, DDR3L-1333/1600",2, HD  4600,350,1.20,FCLGA1150,2,Yes,No,Yes,Yes,Yes,Yes
,4th Gen ,i5-4670K,Q2,2013,22,4,4,3.40,6,84,3.80,"DDR3-1333/1600, DDR3L-1333/1600",2, HD  4600,350,1.20,FCLGA1150,2,No,No,Yes,Yes,No,Yes
,4th Gen ,i5-4670,Q2,2013,22,4,4,3.40,6,84,3.80,"DDR3-1333/1600, DDR3L-1333/1600",2, HD  4600,350,1.20,FCLGA1150,2,Yes,No,Yes,Yes,Yes,Yes
,4th Gen ,i5-4570R,Q2,2013,22,4,4,2.70,4,65,3.20,DDR3 and DDR3L 1333/1600,2, Iris® Pro  5200,200,1.15,FCBGA1364,2,No,No,Yes,Yes,No,Yes
,4th Gen ,i5-4670R,Q2,2013,22,4,4,3.00,4,65,3.70,DDR3 and DDR3L 1333/1600,2, Iris® Pro  5200,200,1.30,FCBGA1364,2,No,No,Yes,Yes,No,Yes
,4th Gen ,i7-4770T,Q2,2013,22,4,8,2.50,8,45,3.70,"DDR3-1333/1600, DDR3L-1333/1600",2, HD  4600,350,1.20,FCLGA1150,2,Yes,Yes,Yes,Yes,Yes,Yes
,4th Gen ,i7-4770S,Q2,2013,22,4,8,3.10,8,65,3.90,"DDR3-1333/1600, DDR3L-1333/1600",2, HD  4600,350,1.20,FCLGA1150,2,Yes,Yes,Yes,Yes,Yes,Yes
,4th Gen ,i7-4765T,Q2,2013,22,4,8,2.00,8,35,3.00,"DDR3-1333/1600, DDR3L-1333/1600",2, HD  4600,350,1.20,FCLGA1150,2,Yes,Yes,Yes,Yes,Yes,Yes
,4th Gen ,i7-4770,Q2,2013,22,4,8,3.40,8,84,3.90,"DDR3-1333/1600, DDR3L-1333/1600",2, HD  4600,350,1.20,FCLGA1150,2,Yes,Yes,Yes,Yes,Yes,Yes
,4th Gen ,i7-4770K,Q2,2013,22,4,8,3.50,8,84,3.90,"DDR3-1333/1600, DDR3L-1333/1600",2, HD  4600,350,1.25,FCLGA1150,2,No,Yes,Yes,Yes,No,Yes
,4th Gen ,i7-4770R,Q2,2013,22,4,8,3.20,6,65,3.90,DDR3 and DDR3L 1333/1600,2, Iris® Pro  5200,200,1.30,FCBGA1364,2,No,Yes,Yes,Yes,No,Yes
,3rd Gen ,i3-3210,Q1,2013,22,2,4,3.20,3,55,N/A,DDR3 1333/1600,2, HD  2500,650,1.05,FCLGA1155,No,No,Yes,Yes,Yes,No,No
, X-series ,i7-3970X,Q4,2012,32,6,12,3.50,15,150,4.00,DDR3 1066/1333/1600,4,N/A,N/A,N/A,FCLGA2011,2.0,No,Yes,Yes,Yes,No,Yes
,3rd Gen ,i5-3350P,Q3,2012,22,4,4,3.10,6,69,3.30,DDR3 1333/1600,2,N/A,N/A,N/A,FCLGA1155,2.0,No,No,Yes,Yes,No,Yes
,3rd Gen ,i5-3330S,Q3,2012,22,4,4,2.70,6,65,3.20,DDR3 1333/1600,2, HD  2500,650,1.05,FCLGA1155,2,No,No,Yes,Yes,No,Yes
,3rd Gen ,i5-3330,Q3,2012,22,4,4,3.00,6,77,3.20,DDR3 1333/1600,2, HD  2500,650,1.05,FCLGA1155,2,No,No,Yes,Yes,No,Yes
,3rd Gen ,i3-3240T,Q3,2012,22,2,4,2.90,3,35,N/A,DDR3 1333/1600,2, HD  2500,650,1.05,FCLGA1155,No,No,Yes,Yes,Yes,No,No
,3rd Gen ,i3-3240,Q3,2012,22,2,4,3.40,3,55,N/A,DDR3 1333/1600,2, HD  2500,650,1.05,FCLGA1155,No,No,Yes,Yes,Yes,No,No
,3rd Gen ,i3-3225,Q3,2012,22,2,4,3.30,3,55,N/A,DDR3 1333/1600,2, HD  4000,650,1.05,FCLGA1155,No,No,Yes,Yes,Yes,No,No
,3rd Gen ,i3-3220T,Q3,2012,22,2,4,2.80,3,35,N/A,DDR3 1333/1600,2, HD  2500,650,1.05,FCLGA1155,No,No,Yes,Yes,Yes,No,No
,3rd Gen ,i3-3220,Q3,2012,22,2,4,3.30,3,55,N/A,DDR3 1333/1600,2, HD  2500,650,1.05,FCLGA1155,No,No,Yes,Yes,Yes,No,No
,3rd Gen ,i5-3570S,Q2,2012,22,4,4,3.10,6,65,3.80,DDR3 1333/1600,2, HD  2500,650,1.15,FCLGA1155,2,Yes,No,Yes,Yes,No,Yes
,3rd Gen ,i5-3570,Q2,2012,22,4,4,3.40,6,77,3.80,DDR3 1333/1600,2, HD  2500,650,1.15,FCLGA1155,2,Yes,No,Yes,Yes,No,Yes
,3rd Gen ,i5-3475S,Q2,2012,22,4,4,2.90,6,65,3.60,DDR3 1333/1600,2, HD  4000,650,1.10,FCLGA1155,2,Yes,No,Yes,Yes,No,Yes
,3rd Gen ,i5-3470T,Q2,2012,22,2,4,2.90,3,35,3.60,DDR3 1333/1600,2, HD  2500,650,1.10,FCLGA1155,2,Yes,Yes,Yes,Yes,No,Yes
,3rd Gen ,i5-3470S,Q2,2012,22,4,4,2.90,6,65,3.60,DDR3 1333/1600,2, HD  2500,650,1.10,FCLGA1155,2,Yes,No,Yes,Yes,No,Yes
,3rd Gen ,i5-3470,Q2,2012,22,4,4,3.20,6,77,3.60,DDR3 1333/1600,2, HD  2500,650,1.10,FCLGA1155,2,Yes,No,Yes,Yes,No,Yes
,3rd Gen ,i7-3770T,Q2,2012,22,4,8,2.50,8,45,3.70,DDR3 1333/1600,2, HD  4000,650,1.15,FCLGA1155,2,Yes,Yes,Yes,Yes,No,Yes
,3rd Gen ,i7-3770S,Q2,2012,22,4,8,3.10,8,65,3.90,DDR3 1333/1600,2, HD  4000,650,1.15,FCLGA1155,2,Yes,Yes,Yes,Yes,No,Yes
,3rd Gen ,i7-3770k,Q2,2012,22,4,8,3.50,8,77,3.90,DDR3 1333/1600,2, HD  4000,650,1.15,FCLGA1155,2,No,Yes,Yes,Yes,No,Yes
,3rd Gen ,i7-3770,Q2,2012,22,4,8,3.40,8,77,3.90,DDR3 1333/1600,2, HD  4000,650,1.15,FCLGA1155,2,Yes,Yes,Yes,Yes,No,Yes
,3rd Gen ,i5-3570T,Q2,2012,22,4,4,2.30,6,45,3.30,DDR3 1333/1600,2, HD  2500,650,1.15,FCLGA1155,2,Yes,No,Yes,Yes,No,Yes
,3rd Gen ,i5-3570K,Q2,2012,22,4,4,3.40,6,77,3.80,DDR3 1333/1600,2, HD  4000,650,1.15,FCLGA1155,2,No,No,Yes,Yes,No,Yes
,3rd Gen ,i5-3550S,Q2,2012,22,4,4,3.00,6,65,3.70,DDR3 1333/1600,2, HD  2500,650,1.15,FCLGA1155,2,Yes,No,Yes,Yes,No,Yes
,3rd Gen ,i5-3550,Q2,2012,22,4,4,3.30,6,77,3.70,DDR3 1333/1600,2, HD  2500,650,1.15,FCLGA1155,2,Yes,No,Yes,Yes,No,Yes
,3rd Gen ,i5-3450S,Q2,2012,22,4,4,2.80,6,65,3.50,DDR3 1333/1600,2, HD  2500,650,1.10,FCLGA1155,2,No,No,Yes,Yes,No,Yes
,3rd Gen ,i5-3450,Q2,2012,22,4,4,3.10,6,77,3.50,DDR3 1333/1600,2, HD  2500,650,1.10,FCLGA1155,2,No,No,Yes,Yes,No,Yes
,2nd Gen,i5-2550K,Q1,2012,32,4,4,3.40,6,95,3.80,DDR3 1066/1333,2,N/A,N/A,N/A,LGA1155,2.0,No,No,Yes,Yes,No,Yes
,2nd Gen,i5-2450P,Q1,2012,32,4,4,3.20,6,95,3.50,DDR3 1066/1333,2,N/A,N/A,N/A,LGA1155,2.0,No,No,Yes,Yes,No,Yes
,2nd Gen,i5-2380P,Q1,2012,32,4,4,3.10,6,95,3.40,DDR3 1066/1333,2,N/A,N/A,N/A,LGA1155,2.0,No,No,Yes,Yes,No,Yes
, X-series ,i7-3820,Q1,2012,32,4,8,3.60,10,130,3.80,DDR3 1066/1333/1600,4,N/A,N/A,N/A,FCLGA2011,2.0,No,Yes,Yes,Yes,No,Yes
,2nd Gen,i7-2700K,Q4,2011,32,4,8,3.50,8,95,3.90,DDR3 1066/1333,2, HD  3000,850,1.35,LGA1155,2,No,Yes,Yes,Yes,No,Yes
, X-series ,i7-3930K,Q4,2011,32,6,12,3.20,12,130,3.80,DDR3 1066/1333/1600,4,N/A,N/A,N/A,FCLGA2011,2.0,No,Yes,Yes,Yes,No,Yes
, X-series ,i7-3960X,Q4,2011,32,6,12,3.30,15,130,3.90,DDR3 1066/1333/1600,4,N/A,N/A,N/A,FCLGA2011,2.0,No,Yes,Yes,Yes,No,Yes
,2nd Gen,i5-2320,Q3,2011,32,4,4,3.00,6,95,3.30,DDR3 1066/1333,2, HD  2000,850,1.10,LGA1155,2,No,No,Yes,Yes,No,Yes
,2nd Gen,i3-2130,Q3,2011,32,2,4,3.40,3,65,N/A,DDR3 1066/1333,2, HD  2000,850,1.10,FCLGA1155,No,No,Yes,Yes,Yes,No,No
,2nd Gen,i3-2125,Q3,2011,32,2,4,3.30,3,65,N/A,DDR3 1066/1333,2, HD  3000,850,1.10,FCLGA1155,No,No,Yes,Yes,Yes,No,No
,2nd Gen,i3-2120T,Q3,2011,32,2,4,2.60,3,35,N/A,DDR3 1066/1333,2, HD  2000,650,1.10,FCLGA1155,No,No,Yes,Yes,Yes,No,No
,Legacy  Core ,i7-980,Q2,2011,32,6,12,3.33,12,130,3.60,DDR3 1066,3,N/A,N/A,N/A,FCLGA1366,1.0,No,Yes,Yes,Yes,No,Yes
,2nd Gen,i5-2405S,Q2,2011,32,4,4,2.50,6,65,3.30,DDR3 1066/1333,2, HD  3000,850,1.10,FCLGA1155,2,No,No,Yes,Yes,No,Yes
,2nd Gen,i5-2310,Q2,2011,32,4,4,2.90,6,95,3.20,DDR3 1066/1333,2, HD  2000,850,1.10,LGA1155,2,No,No,Yes,Yes,No,Yes
,2nd Gen,i3-2105,Q2,2011,32,2,4,3.10,3,65,N/A,DDR3 1066/1333,2, HD  3000,850,1.10,FCLGA1155,No,No,Yes,Yes,Yes,No,No
,2nd Gen,i3-2102,Q2,2011,32,2,4,3.10,3,65,N/A,DDR3 1066/1333,2, HD  2000,850,1.10,FCLGA1155,No,No,Yes,Yes,Yes,No,No
,2nd Gen,i5-2390T,Q1,2011,32,2,4,2.70,3,35,3.50,DDR3 1066/1333,2, HD  2000,650,1.10,FCLGA1155,2,Yes,Yes,Yes,Yes,No,Yes
,2nd Gen,i3-2120,Q1,2011,32,2,4,3.30,3,65,N/A,DDR3 1066/1333,2, HD  2000,850,1.10,FCLGA1155,No,No,Yes,Yes,Yes,No,No
,2nd Gen,i3-2100T,Q1,2011,32,2,4,2.50,3,35,N/A,DDR3 1066/1333,2, HD  2000,650,1.10,FCLGA1155,No,No,Yes,Yes,Yes,No,No
,2nd Gen,i3-2100,Q1,2011,32,2,4,3.10,3,65,N/A,DDR3 1066/1333,2, HD  2000,850,1.10,FCLGA1155,No,No,Yes,Yes,Yes,No,No
,Legacy  Core ,i7-990X,Q1,2011,32,6,12,3.46,12,130,3.73,DDR3 1066,3,N/A,N/A,N/A,FCLGA1366,1.0,No,Yes,Yes,Yes,No,Yes
,2nd Gen,i7-2600S,Q1,2011,32,4,8,2.80,8,65,3.80,DDR3 1066/1333,2, HD  2000,850,1.35,LGA1155,2,Yes,Yes,Yes,Yes,No,Yes
,2nd Gen,i7-2600K,Q1,2011,32,4,8,3.40,8,95,3.80,DDR3 1066/1333,2, HD  3000,850,1.35,LGA1155,2,No,Yes,Yes,Yes,No,Yes
,2nd Gen,i7-2600,Q1,2011,32,4,8,3.40,8,95,3.80,DDR3 1066/1333,2, HD  2000,850,1.35,LGA1155,2,Yes,Yes,Yes,Yes,No,Yes
,2nd Gen,i5-2500T,Q1,2011,32,4,4,2.30,6,45,3.30,DDR3 1066/1333,2, HD  2000,650,1.25,LGA1155,2,Yes,No,Yes,Yes,No,Yes
,2nd Gen,i5-2500S,Q1,2011,32,4,4,2.70,6,65,3.70,DDR3 1066/1333,2, HD  2000,850,1.10,LGA1155,2,Yes,No,Yes,Yes,No,Yes
,2nd Gen,i5-2500K,Q1,2011,32,4,4,3.30,6,95,3.70,DDR3 1066/1333,2, HD  3000,850,1.10,LGA1155,2,No,No,Yes,Yes,No,Yes
,2nd Gen,i5-2500,Q1,2011,32,4,4,3.30,6,95,3.70,DDR3 1066/1333,2, HD  2000,850,1.10,LGA1155,2,Yes,No,Yes,Yes,No,Yes
,2nd Gen,i5-2400S,Q1,2011,32,4,4,2.50,6,65,3.30,DDR3 1066/1333,2, HD  2000,850,1.10,LGA1155,2,Yes,No,Yes,Yes,No,Yes
,2nd Gen,i5-2400,Q1,2011,32,4,4,3.10,6,95,3.40,DDR3 1066/1333,2, HD  2000,850,1.10,LGA1155,2,Yes,No,Yes,Yes,No,Yes
,2nd Gen,i5-2300,Q1,2011,32,4,4,2.80,6,95,3.10,DDR3 1066/1333,2, HD  2000,850,1.10,LGA1155,2,No,No,Yes,Yes,No,Yes
,Legacy  Core ,i3-560,Q3,2010,32,2,4,3.33,4,73,N/A,DDR3 1066/1333,2, HD-Previous Gen,733,N/A,FCLGA1156,No,No,Yes,Yes,Yes,No,No
,Legacy  Core ,i5-760,Q3,2010,45,4,4,2.80,8,95,3.33,DDR3 1066/1333,2,N/A,N/A,N/A,LGA1156,1.0,No,No,Yes,Yes,No,No
,Legacy  Core ,i7-970,Q3,2010,32,6,12,3.20,12,130,3.46,DDR3 800/1066,3,N/A,N/A,N/A,FCLGA1366,1.0,No,Yes,Yes,Yes,No,Yes
,Legacy  Core ,i7-880,Q2,2010,45,4,8,3.06,8,95,3.73,DDR3 1066/1333,2,N/A,N/A,N/A,LGA1156,1.0,Yes,Yes,Yes,Yes,No,No
,Legacy  Core ,i7-875K,Q2,2010,45,4,8,2.93,8,95,3.60,DDR3 1066/1333,2,N/A,N/A,N/A,LGA1156,1.0,No,Yes,Yes,Yes,No,No
,Legacy  Core ,i5-655K,Q2,2010,32,2,4,3.20,4,73,3.46,DDR3 1066/1333,2, HD-Previous Gen,733,N/A,FCLGA1156,1,No,Yes,Yes,Yes,No,Yes
,Legacy  Core ,i3-550,Q2,2010,32,2,4,3.20,4,73,N/A,DDR3 1066/1333,2, HD-Previous Gen,733,N/A,FCLGA1156,No,No,Yes,Yes,Yes,No,No
,Legacy  Core ,i7-870S,Q2,2010,45,4,8,2.66,8,82,3.60,DDR3 1066/1333,2,N/A,N/A,N/A,LGA1156,1.0,Yes,Yes,Yes,Yes,No,No
,Legacy  Core ,i5-680,Q2,2010,32,2,4,3.60,4,73,3.86,DDR3 1066/1333,2, HD-Previous Gen,733,N/A,FCLGA1156,1,Yes,Yes,Yes,Yes,No,Yes
,Legacy  Core ,i7-980X,Q1,2010,32,6,12,3.33,12,130,3.60,DDR3 1066,3,N/A,N/A,N/A,FCLGA1366,1.0,No,Yes,Yes,Yes,No,Yes
,Legacy  Core ,i7-860S,Q1,2010,45,4,8,2.53,8,82,3.46,DDR3 1066/1333,2,N/A,N/A,N/A,LGA1156,1.0,Yes,Yes,Yes,Yes,No,No
,Legacy  Core ,i5-750S,Q1,2010,45,4,4,2.40,8,82,3.20,DDR3 1066/1333,2,N/A,N/A,N/A,LGA1156,1.0,No,No,Yes,Yes,No,No
,Legacy  Core ,i5-670,Q1,2010,32,2,4,3.46,4,73,3.73,DDR3 1066/1333,2, HD-Previous Gen,733,N/A,FCLGA1156,1,Yes,Yes,Yes,Yes,No,Yes
,Legacy  Core ,i5-661,Q1,2010,32,2,4,3.33,4,87,3.60,DDR3 1066/1333,2, HD-Previous Gen,900,N/A,FCLGA1156,1,No,Yes,Yes,Yes,No,Yes
,Legacy  Core ,i5-660,Q1,2010,32,2,4,3.33,4,73,3.60,DDR3 1066/1333,2, HD-Previous Gen,733,N/A,FCLGA1156,1,Yes,Yes,Yes,Yes,No,Yes
,Legacy  Core ,i5-650,Q1,2010,32,2,4,3.20,4,73,3.46,DDR3 1066/1333,2, HD-Previous Gen,733,N/A,FCLGA1156,1,Yes,Yes,Yes,Yes,No,Yes
,Legacy  Core ,i3-540,Q1,2010,32,2,4,3.06,4,73,N/A,DDR3 1066/1333,2, HD-Previous Gen,733,N/A,FCLGA1156,No,No,Yes,Yes,Yes,No,No
,Legacy  Core ,i3-530,Q1,2010,32,2,4,2.93,4,73,N/A,DDR3 1066/1333,2, HD-Previous Gen,733,N/A,FCLGA1156,No,No,Yes,Yes,Yes,No,No
,Legacy  Core ,i7-930,Q1,2010,45,4,8,2.80,8,130,3.06,DDR3 800/1066,3,N/A,N/A,N/A,FCLGA1366,1.0,No,Yes,Yes,Yes,No,No
,Legacy  Core ,i7-960,Q4,2009,45,4,8,3.20,8,130,3.46,DDR3 800/1066,3,N/A,N/A,N/A,FCLGA1366,1.0,No,Yes,Yes,Yes,No,No
,Legacy  Core ,i7-870,Q3,2009,45,4,8,2.93,8,95,3.60,DDR3 1066/1333,2,N/A,N/A,N/A,LGA1156,1.0,Yes,Yes,Yes,Yes,No,No
,Legacy  Core ,i7-860,Q3,2009,45,4,8,2.80,8,95,3.46,DDR3 1066/1333,2,N/A,N/A,N/A,LGA1156,1.0,Yes,Yes,Yes,Yes,No,No
,Legacy  Core ,i5-750,Q3,2009,45,4,4,2.66,8,95,3.20,DDR3 1066/1333,2,N/A,N/A,N/A,LGA1156,1.0,No,No,Yes,Yes,No,No
,Legacy  Core ,q9505S,Q3,2009,45,4,4,2.83,6,65,N/A,N/A,N/A,N/A,N/A,N/A,LGA775,No,No,No,Yes,Yes,No,No
,Legacy  Core ,q9505,Q3,2009,45,4,4,2.83,6,95,N/A,N/A,N/A,N/A,N/A,N/A,LGA775,No,No,No,Yes,Yes,No,No
,Legacy  Core ,i7-975,Q2,2009,45,4,2,3.33,8,130,3.60,DDR3 800/1066,3,N/A,N/A,N/A,FCLGA1366,1.0,No,Yes,Yes,Yes,No,No
,Legacy  Core ,i7-950,Q2,2009,45,4,4,3.06,8,130,3.33,DDR3 800/1066,3,N/A,N/A,N/A,FCLGA1366,1.0,No,Yes,Yes,Yes,No,No
,Legacy  Core ,e7600,Q2,2009,45,2,4,3.06,3,65,N/A,N/A,N/A,N/A,N/A,N/A,LGA775,No,No,No,Yes,Yes,No,No
,Legacy  Core ,q8400S,Q2,2009,45,4,4,2.66,4,65,N/A,N/A,N/A,N/A,N/A,N/A,LGA775,No,No,No,Yes,Yes,No,No
,Legacy  Core ,q8400,Q2,2009,45,4,4,2.66,4,95,N/A,N/A,N/A,N/A,N/A,N/A,LGA775,No,No,No,Yes,Yes,No,No
,Legacy  Core ,q9550S,Q1,2009,45,4,4,2.83,12,65,N/A,N/A,N/A,N/A,N/A,N/A,LGA775,No,No,No,Yes,Yes,No,No
,Legacy  Core ,q9400S,Q1,2009,45,4,2,2.66,6,65,N/A,N/A,N/A,N/A,N/A,N/A,LGA775,No,No,No,Yes,Yes,No,No
,Legacy  Core ,q8200S,Q1,2009,45,4,4,2.33,4,65,N/A,N/A,N/A,N/A,N/A,N/A,LGA775,No,No,No,No,Yes,No,No
,Legacy  Core ,e7500,Q1,2009,45,2,2,2.93,3,65,N/A,N/A,N/A,N/A,N/A,N/A,LGA775,No,No,No,No,Yes,No,No
,Legacy  Core ,q8300,Q4,2008,45,4,4,2.50,4,95,N/A,N/A,N/A,N/A,N/A,N/A,LGA775,No,No,No,No,Yes,No,No
,Legacy  Core ,i7-965,Q4,2008,45,4,4,3.20,8,130,3.46,DDR3 800/1066,3,N/A,N/A,N/A,FCLGA1366,1.0,No,Yes,Yes,Yes,No,No
,Legacy  Core ,i7-940,Q4,2008,45,4,4,2.93,8,130,3.20,DDR3 800/1066,3,N/A,N/A,N/A,FCLGA1366,1.0,No,Yes,Yes,Yes,No,No
,Legacy  Core ,i7-920,Q4,2008,45,4,2,2.66,8,130,2.93,DDR3 800/1066,3,N/A,N/A,N/A,FCLGA1366,1.0,No,Yes,Yes,Yes,No,No
,Legacy  Core ,q8200,Q3,2008,45,4,2,2.33,4,95,N/A,N/A,N/A,N/A,N/A,N/A,LGA775,No,No,No,No,Yes,No,No
,Legacy  Core ,q9650,Q3,2008,45,4,2,3.00,12,95,N/A,N/A,N/A,N/A,N/A,N/A,LGA775,No,No,No,Yes,Yes,No,No
,Legacy  Core ,q9400,Q3,2008,45,4,4,2.66,6,95,N/A,N/A,N/A,N/A,N/A,N/A,LGA775,No,No,No,Yes,Yes,No,No
,Legacy  Core ,e8600,Q3,2008,45,2,4,3.33,6,65,N/A,N/A,N/A,N/A,N/A,N/A,LGA775,No,No,No,Yes,Yes,No,No
,Legacy  Core ,e7300,Q3,2008,45,2,4,2.66,3,65,N/A,N/A,N/A,N/A,N/A,N/A,LGA775,No,No,No,No,Yes,No,No
,Legacy  Core ,q9500,Q3,2008,45,4,4,2.83,6,95,N/A,N/A,N/A,N/A,N/A,N/A,LGA775,No,No,No,Yes,Yes,No,No
,Legacy  Core ,e8300,Q2,2008,45,2,4,2.83,6,65,N/A,N/A,N/A,N/A,N/A,N/A,LGA775,No,No,No,Yes,Yes,No,No
,Legacy  Core ,e7200,Q2,2008,45,2,4,2.53,3,65,N/A,N/A,N/A,N/A,N/A,N/A,LGA775,No,No,No,No,Yes,No,No
,Legacy  Core ,e7400,Q1,2008,45,2,2,2.80,3,65,N/A,N/A,N/A,N/A,N/A,N/A,LGA775,No,No,No,No,Yes,No,No
,Legacy  Core ,qx9775,Q1,2008,45,4,2,3.20,12,150,N/A,N/A,N/A,N/A,N/A,N/A,LGA771,No,No,No,Yes,Yes,No,No
,Legacy  Core ,qx9770,Q1,2008,45,4,2,3.20,12,136,N/A,N/A,N/A,N/A,N/A,N/A,LGA775,No,No,No,Yes,Yes,No,No
,Legacy  Core ,q9550,Q1,2008,45,4,2,2.83,12,95,N/A,N/A,N/A,N/A,N/A,N/A,LGA775,No,No,No,Yes,Yes,No,No
,Legacy  Core ,q9450,Q1,2008,45,4,2,2.66,12,95,N/A,N/A,N/A,N/A,N/A,N/A,LGA775,No,No,No,Yes,Yes,No,No
,Legacy  Core ,q9300,Q1,2008,45,4,2,2.50,6,95,N/A,N/A,N/A,N/A,N/A,N/A,LGA775,No,No,No,Yes,Yes,No,No
,Legacy  Core ,e8500,Q1,2008,45,2,4,3.16,6,65,N/A,N/A,N/A,N/A,N/A,N/A,LGA775,No,No,No,Yes,Yes,No,No
,Legacy  Core ,e8400,Q1,2008,45,2,2,3.00,6,65,N/A,N/A,N/A,N/A,N/A,N/A,LGA775,No,No,No,Yes,Yes,No,No
,Legacy  Core ,e8200,Q1,2008,45,2,4,2.66,6,65,N/A,N/A,N/A,N/A,N/A,N/A,LGA775,No,No,No,Yes,Yes,No,No
,Legacy  Core ,e8190,Q1,2008,45,2,4,2.66,6,65,N/A,N/A,N/A,N/A,N/A,N/A,LGA775,No,No,No,No,Yes,No,No
,Legacy  Core ,e4700,Q1,2008,65,2,2,2.60,2,65,N/A,N/A,N/A,N/A,N/A,N/A,PLGA775,No,No,No,No,Yes,No,No
,Legacy  Core ,qx9650,Q4,2007,45,4,2,3.00,12,130,N/A,N/A,N/A,N/A,N/A,N/A,LGA775,No,No,No,Yes,Yes,No,No
,Legacy  Core ,e4600,Q4,2007,65,2,2,2.40,2,65,N/A,N/A,N/A,N/A,N/A,N/A,LGA775,No,No,No,No,Yes,No,No
,Legacy  Core ,qx6850,Q3,2007,65,4,2,3.00,8,130,N/A,N/A,N/A,N/A,N/A,N/A,LGA775,No,No,No,Yes,Yes,No,No
,Legacy  Core ,q6700,Q3,2007,65,4,2,2.66,8,105,N/A,N/A,N/A,N/A,N/A,N/A,LGA775,No,No,No,Yes,Yes,No,No
,Legacy  Core ,e6850,Q3,2007,65,2,2,3.00,4,65,N/A,N/A,N/A,N/A,N/A,N/A,PLGA775,No,No,No,Yes,Yes,No,No
,Legacy  Core ,e6750,Q3,2007,65,2,2,2.66,4,65,N/A,N/A,N/A,N/A,N/A,N/A,PLGA775,No,No,No,Yes,Yes,No,No
,Legacy  Core ,e6550,Q3,2007,65,2,2,2.33,4,65,N/A,N/A,N/A,N/A,N/A,N/A,PLGA775,No,No,No,Yes,Yes,No,No
,Legacy  Core ,e6540,Q3,2007,65,2,4,2.33,4,65,N/A,N/A,N/A,N/A,N/A,N/A,PLGA775,No,No,No,Yes,Yes,No,No
,Legacy  Core ,e4500,Q3,2007,65,2,2,2.20,2,65,N/A,N/A,N/A,N/A,N/A,N/A,LGA775,No,No,No,No,Yes,No,No
,Legacy  Core ,e6420,Q2,2007,65,2,4,2.13,4,65,N/A,N/A,N/A,N/A,N/A,N/A,PLGA775,No,No,No,Yes,Yes,No,No
,Legacy  Core ,e6320,Q2,2007,65,2,4,1.86,4,65,N/A,N/A,N/A,N/A,N/A,N/A,PLGA775,No,No,No,Yes,Yes,No,No
,Legacy  Core ,e4400,Q2,2007,65,2,2,2.00,2,65,N/A,N/A,N/A,N/A,N/A,N/A,LGA775,No,No,No,No,Yes,No,No
,Legacy  Core ,qx6800,Q2,2007,65,4,2,2.93,8,130,N/A,N/A,N/A,N/A,N/A,N/A,LGA775,No,No,No,Yes,Yes,No,No
,Legacy  Core ,q6600,Q1,2007,65,4,2,2.40,8,105,N/A,N/A,N/A,N/A,N/A,N/A,LGA775,No,No,No,Yes,Yes,No,No
,Legacy  Core ,qx6700,Q4,2006,65,4,2,2.66,8,130,N/A,N/A,N/A,N/A,N/A,N/A,LGA775,No,No,No,Yes,Yes,No,No
,Legacy  Core ,e4300,Q3,2006,65,2,2,1.80,2,65,N/A,N/A,N/A,N/A,N/A,N/A,LGA775,No,No,No,No,Yes,No,No
,Legacy  Core ,e6700,Q3,2006,65,2,4,2.66,4,65,N/A,N/A,N/A,N/A,N/A,N/A,PLGA775,No,No,No,Yes,Yes,No,No
,Legacy  Core ,e6600,Q3,2006,65,2,2,2.40,4,65,N/A,N/A,N/A,N/A,N/A,N/A,PLGA775,No,No,No,Yes,Yes,No,No
,Legacy  Core ,e6400,Q3,2006,65,2,2,2.13,2,65,N/A,N/A,N/A,N/A,N/A,N/A,"PLGA775, LGA775",No,No,No,Yes,Yes,No,No
,Legacy  Core ,e6300,Q3,2006,65,2,2,1.86,2,65,N/A,N/A,N/A,N/A,N/A,N/A,"PLGA775, LGA775",No,No,No,Yes,Yes,No,No
,Legacy  Core ,x6800,Q3,2006,65,2,2,2.93,4,75,N/A,N/A,N/A,N/A,N/A,N/A,PLGA775,No,No,No,Yes,Yes,No,No
